{
  "camera": {
    "type": "perspective",
    "focal_length": 0.8,
    "eye": [22,0,14],
    "up": [-0.7071067812,0,0.7071067812],
    "look": [-0.7071067812,0,-0.7071067812],
    "height": 1,
    "width": 1.7777777778
  },
  "materials": [
    {
      "name": "Lambertian gray",
      "ka": [0.2, 0.2, 0.2],
      "kd": [0.8, 0.8, 0.8],
      "ks": [0.1,0.1,0.1],
      "km": [0.1,0.1,0.1],
      "phong_exponent": 20
    },
    {
      "name": "white metal",
      "ka": [0.2, 0.2, 0.2],
      "kd": [1, 1, 1],
      "ks": [0.3,0.3,0.3],
      "km": [0.3,0.4,0.3],
      "phong_exponent": 200
    },
    {
      "name": "red metal",
      "ka": [0.894118,0.101961,0.109804],
      "kd": [0.894118,0.101961,0.109804],
      "ks": [0.894118,0.101961,0.109804],
      "km": [0.894118,0.101961,0.109804],
      "phong_exponent": 200
    },
    {
      "name": "blue metal",
      "ka": [0.215686,0.494118,0.721569],
      "kd": [0.215686,0.494118,0.721569],
      "ks": [0.215686,0.494118,0.721569],
      "km": [0.215686,0.494118,0.721569],
      "phong_exponent": 200
    },
    {
      "name": "orange metal",
      "ka": [1,0.49804,0],
      "kd": [1,0.49804,0],
      "ks": [0.2,0.2,0.2],
      "km": [0.1,0.1,0.1],
      "phong_exponent": 500
    },
    {
      "name": "blue_plane metal",
      "ka": [0.215686,0.494118,0.721569],
      "kd": [0.215686,0.494118,0.721569],
      "ks": [0.2,0.2,0.2],
      "km": [0.1,0.1,0.1],
      "phong_exponent": 500
    },
    {
      "name": "green_plane metal",
      "ka": [0.301961,0.686275,0.290196],
      "kd": [0.301961,0.686275,0.290196],
      "ks": [0.301961,0.686275,0.290196],
      "km": [0.301961,0.686275,0.290196],
      "phong_exponent": 2000
    }
  ]
}